id;type;reference;libelle
1;53205;index Towels Kansas;Ball blue Gorgeous
2;95589;salmon paradigm;channels
3;9201;sky blue;project
4;69251;frictionless;global Fantastic Steel Table Configuration
5;45900;Sleek Technician;Assistant
6;53430;Malawi override;Grass-roots 5th generation
7;22847;Lempira protocol;Buckinghamshire Awesome interactive
8;57308;interface exploit FTP;Infrastructure Assurance
9;95830;Bermuda back up Checking Account;violet SQL
10;92084;Radial hacking Dynamic;rich Handmade Georgia
